transaction_id,user_id,date,amount,category,location,IsFraud,FraudReason
1,284,"2025-04-19 03:30:36",1179.92,restaurant,Omaha,1,"Multiple Locations"
2,122,"2024-10-03 22:25:56",1269.34,electronics,"Fort Worth",0,N/A
3,41,"2024-12-18 17:20:56",717.13,restaurant,Miami,0,N/A
4,152,"2024-07-13 05:59:26",6328.52,groceries,"El Paso",0,N/A
5,2,"2025-05-06 22:41:25",5125.8,groceries,Portland,0,N/A
6,198,"2024-12-01 12:24:13",10487.28,other,"Oklahoma City",1,"Over $10,000"
7,132,"2025-02-11 10:48:07",5895.65,other,"San Antonio",0,N/A
8,60,"2025-04-30 22:04:09",7792.66,electronics,"San Jose",1,"Multiple Locations"
9,102,"2024-11-07 21:44:01",4955.06,clothing,"San Diego",0,N/A
10,37,"2024-12-22 23:55:35",2027.04,restaurant,Arlington,0,N/A
11,172,"2024-07-30 01:22:12",8516.91,electronics,Arlington,0,N/A
12,250,"2024-10-05 17:30:09",2852.7,groceries,Portland,0,N/A
13,195,"2024-09-19 06:15:36",244.04,other,"Long Beach",0,N/A
14,84,"2025-02-02 00:36:17",3338.89,electronics,Portland,1,"Multiple Locations"
15,211,"2024-08-18 09:05:43",4243.06,restaurant,Philadelphia,0,N/A
16,81,"2024-11-26 13:29:32",909.43,electronics,"San Jose",0,N/A
17,83,"2025-03-12 20:29:27",8796.6,clothing,"Las Vegas",0,N/A
18,78,"2024-10-27 22:05:23",7834.34,groceries,Houston,0,N/A
19,298,"2024-10-22 01:40:53",8951.88,clothing,"San Diego",0,N/A
20,231,"2025-04-30 22:36:53",3939.33,electronics,Omaha,0,N/A
21,23,"2024-07-14 19:14:58",5108.51,electronics,Fresno,1,"Multiple Locations"
22,269,"2024-08-01 05:46:10",5483.18,groceries,"Virginia Beach",0,N/A
23,30,"2024-07-01 23:50:24",1118.97,other,Omaha,0,N/A
24,213,"2025-05-06 02:02:18",6139.79,groceries,"San Diego",1,"Between 2 and 5 AM"
25,127,"2024-06-29 21:59:45",10211.36,restaurant,Denver,1,"Over $10,000"
26,175,"2025-06-14 18:09:32",8044.98,clothing,Houston,0,N/A
27,242,"2025-05-17 07:32:43",3726.6,electronics,Jacksonville,0,N/A
28,114,"2025-01-05 09:47:55",4450.25,groceries,Seattle,0,N/A
29,163,"2025-04-01 16:14:37",2045.47,groceries,Milwaukee,0,N/A
30,11,"2025-01-05 05:52:37",1115.2,other,Fresno,1,"Multiple Locations"
31,55,"2025-04-25 09:22:20",1559.66,electronics,"New Orleans",0,N/A
32,103,"2025-02-10 08:29:35",5977.63,groceries,Seattle,0,N/A
33,11,"2025-03-05 03:43:13",1962.53,groceries,Fresno,1,"Multiple Locations"
34,222,"2025-05-29 00:22:26",7043.61,other,Sacramento,0,N/A
35,274,"2025-04-07 04:58:32",2214.19,electronics,Jacksonville,1,"Between 2 and 5 AM"
36,130,"2024-10-01 04:46:15",6443.72,other,Fresno,1,"Between 2 and 5 AM"
37,139,"2024-11-21 16:13:32",1796.34,clothing,Oakland,0,N/A
38,286,"2024-08-13 17:29:10",290.02,groceries,Sacramento,0,N/A
39,23,"2025-02-18 17:17:37",7009.18,other,Dallas,1,"Multiple Locations"
40,16,"2024-08-06 00:02:57",3489.39,restaurant,Oakland,0,N/A
41,149,"2025-01-06 15:18:11",9961.79,restaurant,Austin,0,N/A
42,246,"2024-12-27 14:20:40",8113.42,other,Memphis,0,N/A
43,209,"2024-10-05 11:37:54",6438.73,other,"San Jose",0,N/A
44,260,"2024-06-29 13:54:35",1256.6,other,Houston,0,N/A
45,110,"2025-06-16 01:25:54",1093.51,clothing,"San Antonio",0,N/A
46,68,"2024-07-29 23:00:46",3774.44,restaurant,Tucson,0,N/A
47,209,"2025-06-01 21:31:45",2571.18,other,Charlotte,0,N/A
48,45,"2024-10-05 12:40:07",2872.27,clothing,"El Paso",1,"Multiple Locations"
49,245,"2025-04-20 06:22:23",638.37,other,"San Francisco",0,N/A
50,69,"2025-02-07 22:03:38",6841.32,electronics,Austin,0,N/A
51,200,"2024-10-21 14:00:28",8067.73,clothing,Omaha,0,N/A
52,193,"2024-08-24 17:22:31",3153.63,electronics,Atlanta,0,N/A
53,150,"2025-05-11 13:02:41",5272.15,groceries,"Virginia Beach",0,N/A
54,223,"2025-04-12 04:06:48",4367.71,electronics,"Long Beach",1,"Between 2 and 5 AM"
55,27,"2024-12-03 08:47:46",2836.81,groceries,Denver,0,N/A
56,51,"2024-12-04 20:21:44",10392.99,electronics,Oakland,1,"Over $10,000"
57,221,"2025-03-26 18:22:11",2961.22,clothing,Dallas,0,N/A
58,41,"2025-02-16 18:50:19",7903.41,clothing,Minneapolis,0,N/A
59,216,"2025-02-05 21:16:01",2760.7,electronics,Houston,0,N/A
60,232,"2025-01-28 10:18:02",8904.39,clothing,Memphis,0,N/A
61,39,"2024-11-11 06:11:11",6879.86,electronics,Austin,0,N/A
62,74,"2024-09-05 06:16:25",7046.32,clothing,"San Antonio",0,N/A
63,4,"2024-08-25 20:58:43",5506.28,other,Sacramento,0,N/A
64,57,"2024-12-19 08:53:06",7659.45,clothing,Baltimore,0,N/A
65,17,"2025-01-22 12:39:56",4353.98,clothing,"Long Beach",0,N/A
66,103,"2025-03-29 13:48:30",3854.46,groceries,Phoenix,0,N/A
67,35,"2025-03-25 07:22:58",1204.11,other,Baltimore,1,"Multiple Locations"
68,210,"2024-11-22 05:38:28",2166.22,electronics,Jacksonville,0,N/A
69,259,"2024-10-07 12:08:21",899.63,groceries,Phoenix,0,N/A
70,209,"2025-02-03 17:26:17",8051.89,electronics,Raleigh,0,N/A
71,6,"2024-10-09 14:47:59",1293.26,clothing,Indianapolis,0,N/A
72,107,"2024-11-08 19:09:46",226.87,clothing,Indianapolis,0,N/A
73,263,"2024-07-19 22:14:03",8436.86,other,Houston,0,N/A
74,213,"2025-03-28 22:41:33",8100.4,clothing,Charlotte,0,N/A
75,284,"2024-08-14 11:30:14",2993.2,other,Seattle,1,"Multiple Locations"
76,79,"2025-02-04 17:16:54",8868.53,electronics,Mesa,0,N/A
77,96,"2025-02-03 22:56:36",2828.35,groceries,Raleigh,0,N/A
78,212,"2025-06-03 21:40:56",642.66,electronics,"San Antonio",0,N/A
79,135,"2024-08-14 23:01:48",5724.11,electronics,Boston,0,N/A
80,194,"2024-12-30 11:56:57",4759.54,electronics,"Kansas City",0,N/A
81,225,"2024-12-18 22:07:42",9384.28,other,"Fort Worth",0,N/A
82,18,"2025-05-29 02:08:41",7936.08,groceries,"Los Angeles",1,"Between 2 and 5 AM"
83,141,"2025-01-18 21:34:47",499.25,other,Atlanta,0,N/A
84,252,"2025-03-17 04:26:22",5649.84,clothing,Milwaukee,1,"Between 2 and 5 AM"
85,228,"2025-05-12 18:22:21",8584.2,electronics,Raleigh,1,"Multiple Locations"
86,102,"2024-12-28 14:36:42",4185.51,electronics,"San Diego",0,N/A
87,100,"2024-07-25 10:46:41",8479.49,electronics,Chicago,0,N/A
88,52,"2025-06-25 15:47:30",195.34,restaurant,"San Diego",0,N/A
89,140,"2025-02-07 11:46:15",2594.24,groceries,Milwaukee,0,N/A
90,57,"2025-06-16 20:00:36",6911.86,restaurant,Indianapolis,0,N/A
91,254,"2024-09-01 21:01:00",7109.71,groceries,Philadelphia,0,N/A
92,83,"2024-09-24 17:52:20",7813.52,groceries,Minneapolis,0,N/A
93,132,"2024-07-11 18:39:42",9955.74,other,Raleigh,0,N/A
94,212,"2024-11-07 14:19:02",861.43,groceries,Raleigh,0,N/A
95,173,"2024-07-31 11:02:10",7460.68,electronics,Albuquerque,0,N/A
96,35,"2025-05-27 21:41:29",3829.81,clothing,Mesa,1,"Multiple Locations"
97,194,"2024-12-18 20:17:05",6480.14,clothing,Fresno,0,N/A
98,196,"2025-04-15 07:37:26",7547.92,clothing,Minneapolis,0,N/A
99,266,"2024-09-18 01:52:57",3665.86,clothing,Mesa,0,N/A
100,214,"2025-03-15 10:20:30",1476.18,restaurant,Jacksonville,0,N/A
101,205,"2025-01-08 10:49:17",5680.99,groceries,Atlanta,0,N/A
102,249,"2025-06-26 12:39:47",3556.19,groceries,Philadelphia,0,N/A
103,111,"2025-06-29 04:09:37",9128.77,restaurant,Tucson,1,"Between 2 and 5 AM"
104,145,"2024-10-17 06:45:21",7568.51,groceries,"New Orleans",0,N/A
105,30,"2025-01-25 10:12:46",7271.95,restaurant,Mesa,0,N/A
106,84,"2024-07-21 13:48:51",2843.47,restaurant,"San Diego",1,"Multiple Locations"
107,207,"2024-12-30 13:16:16",2621.83,clothing,Houston,0,N/A
108,249,"2025-02-07 03:39:58",10277.81,groceries,"Colorado Springs",1,"Between 2 and 5 AM"
109,233,"2025-04-21 03:55:14",9555.53,clothing,Detroit,1,"Between 2 and 5 AM"
110,69,"2025-02-28 04:34:00",652.46,groceries,Mesa,1,"Between 2 and 5 AM"
111,210,"2025-04-02 14:23:30",1937.22,restaurant,"New York",0,N/A
112,295,"2025-01-29 04:17:10",1676,clothing,Louisville,1,"Between 2 and 5 AM"
113,77,"2025-05-25 01:12:59",863.47,clothing,Baltimore,0,N/A
114,138,"2025-05-29 19:38:38",2353.24,groceries,Tucson,0,N/A
115,99,"2025-05-12 19:06:29",8797.93,restaurant,Columbus,0,N/A
116,110,"2025-05-31 04:08:20",7124.79,electronics,"San Jose",1,"Between 2 and 5 AM"
117,115,"2024-12-29 04:20:54",2013.28,groceries,Sacramento,1,"Between 2 and 5 AM"
118,228,"2024-07-23 20:54:01",8803.12,other,Tucson,1,"Multiple Locations"
119,270,"2025-03-20 17:03:51",6664.18,restaurant,Raleigh,0,N/A
120,130,"2025-05-24 09:56:54",2201.38,electronics,"Fort Worth",0,N/A
121,12,"2024-11-27 05:46:45",309.88,other,Milwaukee,0,N/A
122,176,"2024-07-20 01:29:04",5083.17,groceries,Oakland,0,N/A
123,25,"2025-04-25 23:36:47",2640.77,electronics,"El Paso",0,N/A
124,36,"2025-03-14 10:10:33",8730.54,clothing,Wichita,0,N/A
125,20,"2024-11-05 16:57:00",2922.16,groceries,Columbus,0,N/A
126,26,"2024-09-16 09:31:47",354.91,electronics,Sacramento,0,N/A
127,224,"2025-03-01 07:23:24",9966.67,clothing,Tucson,0,N/A
128,119,"2025-05-01 14:59:10",3236.63,electronics,Oakland,0,N/A
129,189,"2024-12-04 12:37:11",9303.07,electronics,"San Antonio",0,N/A
130,272,"2025-04-09 18:32:32",7689.38,electronics,"Oklahoma City",0,N/A
131,156,"2024-10-14 14:40:30",6838.15,other,Austin,0,N/A
132,299,"2024-12-26 05:38:04",9017.66,electronics,Omaha,0,N/A
133,185,"2025-01-31 23:33:20",2246.91,electronics,Raleigh,0,N/A
134,19,"2025-04-14 22:54:38",6184.22,groceries,Omaha,0,N/A
135,49,"2025-04-02 04:28:00",9979.1,electronics,Arlington,1,"Between 2 and 5 AM"
136,87,"2024-10-24 15:03:08",3912.71,restaurant,"Kansas City",0,N/A
137,223,"2025-03-30 07:55:39",5082.54,clothing,Phoenix,0,N/A
138,281,"2025-01-28 03:53:33",7369.5,other,Milwaukee,1,"Between 2 and 5 AM"
139,101,"2025-02-13 01:43:59",4117.53,restaurant,"Oklahoma City",0,N/A
140,55,"2024-12-02 16:35:55",1215.06,electronics,Dallas,0,N/A
141,252,"2025-03-12 18:10:43",2430.3,groceries,Mesa,0,N/A
142,163,"2024-10-17 16:22:00",2193.84,electronics,Detroit,0,N/A
143,123,"2025-04-12 22:47:19",8375.13,clothing,"Kansas City",0,N/A
144,116,"2024-08-05 04:51:05",1761.25,restaurant,Omaha,1,"Between 2 and 5 AM"
145,289,"2025-01-11 01:12:19",5730.59,clothing,Tucson,0,N/A
146,99,"2024-09-01 07:26:02",56.37,clothing,"San Jose",0,N/A
147,120,"2024-07-29 02:04:24",5481.49,restaurant,Houston,1,"Between 2 and 5 AM"
148,273,"2025-03-13 18:00:22",2053.11,restaurant,Portland,0,N/A
149,284,"2024-09-20 13:56:35",937.83,restaurant,Raleigh,1,"Multiple Locations"
150,135,"2024-11-04 17:16:53",7877.09,restaurant,Detroit,0,N/A
151,31,"2025-02-14 08:21:10",5483.12,groceries,Phoenix,0,N/A
152,93,"2024-11-24 21:59:06",4815.71,other,"San Diego",0,N/A
153,196,"2024-08-11 10:31:05",520.93,electronics,Tucson,0,N/A
154,110,"2025-03-09 02:47:56",1897.58,electronics,Jacksonville,1,"Between 2 and 5 AM"
155,170,"2024-09-23 20:37:48",10053.48,restaurant,Oakland,1,"Over $10,000"
156,90,"2024-08-28 08:13:02",5840.59,other,Indianapolis,0,N/A
157,105,"2024-07-03 03:36:47",484.32,electronics,Milwaukee,1,"Between 2 and 5 AM"
158,266,"2025-02-26 16:18:17",3058.59,other,Jacksonville,0,N/A
159,251,"2024-07-28 14:50:12",6822.61,other,Baltimore,0,N/A
160,285,"2024-09-27 12:53:33",4644.79,clothing,Sacramento,0,N/A
161,255,"2025-03-06 19:49:21",2610.83,groceries,Chicago,0,N/A
162,231,"2025-02-04 20:50:35",78.48,other,Phoenix,0,N/A
163,131,"2025-05-16 19:41:12",2541.88,clothing,Tulsa,0,N/A
164,224,"2024-12-31 08:40:20",1959.21,groceries,Sacramento,0,N/A
165,103,"2024-11-13 02:12:18",10236.54,other,Charlotte,1,"Between 2 and 5 AM"
166,45,"2025-03-02 06:00:49",6708.37,groceries,Miami,1,"Multiple Locations"
167,37,"2025-06-22 08:58:22",3404.54,clothing,"Fort Worth",0,N/A
168,26,"2025-04-22 03:57:42",3086.09,groceries,Charlotte,1,"Between 2 and 5 AM"
169,193,"2025-03-04 16:44:39",1477.62,electronics,"El Paso",0,N/A
170,189,"2025-04-13 12:06:40",3761.18,restaurant,Austin,0,N/A
171,228,"2025-06-10 20:56:38",2072.31,electronics,Arlington,1,"Multiple Locations"
172,178,"2025-04-07 20:14:06",8406.05,groceries,"New York",0,N/A
173,166,"2025-03-03 15:15:18",6032.94,other,"San Francisco",0,N/A
174,269,"2024-07-19 18:03:06",3883.16,electronics,"New Orleans",0,N/A
175,30,"2025-06-11 03:34:36",1571.89,clothing,Detroit,1,"Between 2 and 5 AM"
176,179,"2025-03-17 21:20:04",7470.77,other,"Fort Worth",0,N/A
177,215,"2024-12-15 01:47:29",2964.72,electronics,Chicago,0,N/A
178,127,"2024-07-10 21:36:46",5006.51,other,Sacramento,0,N/A
179,254,"2025-04-11 15:49:55",3558.62,electronics,"Los Angeles",0,N/A
180,151,"2025-01-25 13:43:47",1232.34,groceries,"Fort Worth",0,N/A
181,210,"2024-09-17 18:10:48",7147.26,other,Tulsa,0,N/A
182,206,"2025-01-09 17:47:13",1662.12,electronics,Albuquerque,1,"Multiple Locations"
183,158,"2025-06-18 06:44:34",8083.22,electronics,"San Jose",0,N/A
184,287,"2025-06-16 14:08:17",4063.52,groceries,Fresno,0,N/A
185,39,"2025-06-08 10:49:13",6057.85,groceries,"Long Beach",0,N/A
186,163,"2025-06-17 06:13:44",1133.83,electronics,"Colorado Springs",0,N/A
187,241,"2024-09-27 11:55:10",2886.96,groceries,"Long Beach",0,N/A
188,221,"2025-06-06 12:13:33",5953.5,clothing,Sacramento,0,N/A
189,187,"2025-01-08 21:20:12",8213.72,restaurant,Omaha,0,N/A
190,127,"2024-10-08 12:08:50",4879.44,groceries,Miami,0,N/A
191,228,"2025-06-18 19:59:35",8815.24,clothing,"Fort Worth",1,"Multiple Locations"
192,180,"2024-08-03 06:35:05",10455.56,restaurant,Omaha,1,"Over $10,000"
193,184,"2024-10-22 15:48:50",8784.03,groceries,Louisville,0,N/A
194,27,"2024-10-04 10:09:34",8134.09,other,Detroit,0,N/A
195,83,"2024-09-25 18:45:27",3470.42,restaurant,Tucson,0,N/A
196,105,"2025-04-02 19:37:36",8962.12,groceries,Denver,0,N/A
197,293,"2024-10-19 10:12:24",7980.15,electronics,"San Antonio",0,N/A
198,93,"2024-12-31 12:44:36",9051.46,restaurant,"San Francisco",0,N/A
199,183,"2025-06-28 12:55:21",7962.09,electronics,Omaha,0,N/A
200,8,"2025-06-24 21:04:29",5491.8,electronics,Sacramento,0,N/A
201,62,"2024-11-17 13:14:43",8278.29,clothing,Denver,1,"Multiple Locations"
202,113,"2024-08-13 11:40:26",2325.82,clothing,Mesa,0,N/A
203,151,"2024-10-03 02:59:04",9687.12,other,"Kansas City",1,"Between 2 and 5 AM"
204,140,"2025-03-31 04:32:14",5354.21,groceries,Phoenix,1,"Between 2 and 5 AM"
205,197,"2025-01-01 15:44:33",7101.78,clothing,"San Diego",0,N/A
206,79,"2024-07-21 05:14:49",9863.58,electronics,Washington,0,N/A
207,210,"2025-05-17 15:10:40",2010.49,electronics,"Kansas City",0,N/A
208,182,"2024-07-10 13:34:08",5096.07,electronics,Nashville,0,N/A
209,108,"2024-10-12 23:57:59",8828.74,restaurant,Baltimore,0,N/A
210,187,"2025-04-19 06:15:04",6763.22,electronics,"Colorado Springs",0,N/A
211,150,"2024-10-03 13:43:00",4678.28,restaurant,Nashville,0,N/A
212,210,"2025-01-17 17:52:05",1820.36,restaurant,"Fort Worth",0,N/A
213,235,"2025-04-02 01:36:57",6510.27,groceries,"Fort Worth",0,N/A
214,188,"2025-06-25 08:48:17",4470.79,clothing,"San Diego",0,N/A
215,233,"2024-12-05 20:55:58",7810.88,electronics,"Fort Worth",0,N/A
216,258,"2025-05-30 09:44:17",2609.87,groceries,Tucson,0,N/A
217,288,"2025-02-17 11:24:02",7223.44,restaurant,Tulsa,0,N/A
218,160,"2025-05-29 15:06:20",298.19,electronics,"Long Beach",0,N/A
219,219,"2024-12-30 01:45:38",7468.99,clothing,Columbus,0,N/A
220,148,"2025-04-17 18:55:55",7326.04,clothing,Oakland,0,N/A
221,111,"2024-12-15 17:04:18",3559.11,other,Tucson,0,N/A
222,236,"2024-12-23 12:29:28",3793.24,electronics,Jacksonville,0,N/A
223,168,"2025-06-04 21:44:57",9475.68,restaurant,Raleigh,0,N/A
224,263,"2025-01-08 06:16:50",7109,other,"El Paso",0,N/A
225,134,"2025-02-02 05:22:16",9132.82,other,"Los Angeles",0,N/A
226,118,"2025-04-11 10:03:35",2075.21,clothing,Philadelphia,0,N/A
227,145,"2025-06-28 22:38:51",6596.15,other,"Oklahoma City",0,N/A
228,123,"2024-09-02 16:01:07",8811.18,other,Portland,0,N/A
229,298,"2025-06-02 10:55:41",7771.63,electronics,"Kansas City",0,N/A
230,153,"2024-07-27 06:14:38",5100.37,restaurant,Seattle,0,N/A
231,140,"2025-04-06 10:36:37",6807.63,groceries,Louisville,0,N/A
232,133,"2025-03-31 15:29:18",5394.66,other,Charlotte,0,N/A
233,139,"2024-07-16 07:26:18",9574.81,restaurant,Nashville,0,N/A
234,172,"2024-09-15 21:58:04",274,clothing,Sacramento,0,N/A
235,62,"2025-03-20 03:31:35",8877.57,clothing,Baltimore,1,"Multiple Locations"
236,257,"2025-01-21 01:26:09",2237.49,other,"San Antonio",0,N/A
237,17,"2025-06-26 09:40:26",2485,other,Albuquerque,0,N/A
238,153,"2025-06-11 21:14:28",8909.47,clothing,Albuquerque,0,N/A
239,293,"2024-09-26 01:38:24",10236.47,electronics,Fresno,1,"Over $10,000"
240,227,"2024-07-22 06:16:53",6941.9,restaurant,Houston,0,N/A
241,62,"2024-12-28 17:45:00",3307.37,other,"New York",1,"Multiple Locations"
242,108,"2025-02-03 00:10:47",1691.32,clothing,Milwaukee,0,N/A
243,30,"2025-02-20 15:51:05",6260.51,clothing,Boston,0,N/A
244,241,"2025-05-25 16:02:23",3917.23,restaurant,Tulsa,0,N/A
245,149,"2024-09-04 18:31:13",2624.98,other,Oakland,0,N/A
246,241,"2024-12-06 18:17:58",772.39,restaurant,Dallas,0,N/A
247,87,"2025-04-07 11:16:19",3816.99,electronics,Omaha,0,N/A
248,264,"2024-12-17 05:36:54",2795.53,clothing,Phoenix,0,N/A
249,283,"2024-10-03 10:58:49",350.31,other,"Long Beach",0,N/A
250,160,"2024-11-29 19:50:21",2919.94,clothing,Austin,0,N/A
251,84,"2024-12-29 15:35:36",10229.09,clothing,Tulsa,1,"Multiple Locations"
252,228,"2025-03-06 08:23:07",9943.81,restaurant,"El Paso",1,"Multiple Locations"
253,149,"2025-04-17 06:40:18",6858.35,other,Sacramento,0,N/A
254,244,"2024-07-07 15:44:02",4994.38,groceries,Arlington,0,N/A
255,58,"2024-07-12 06:11:57",685.78,electronics,Detroit,0,N/A
256,13,"2024-07-26 12:47:52",3116.37,electronics,Milwaukee,1,"Multiple Locations"
257,202,"2024-09-26 01:30:33",8760.97,electronics,Atlanta,0,N/A
258,40,"2025-02-12 06:02:49",6885.11,electronics,Jacksonville,0,N/A
259,174,"2024-10-06 07:45:58",6955.7,electronics,"San Francisco",0,N/A
260,171,"2025-03-30 12:15:24",455.68,clothing,"San Antonio",0,N/A
261,284,"2025-04-16 09:58:53",3740.4,restaurant,"Virginia Beach",1,"Multiple Locations"
262,295,"2025-02-27 00:04:02",779.44,electronics,Louisville,0,N/A
263,274,"2025-04-12 03:40:16",3458.04,clothing,"San Jose",1,"Between 2 and 5 AM"
264,215,"2024-08-09 16:12:15",2741.94,clothing,Miami,0,N/A
265,104,"2024-10-03 08:25:43",5821.57,electronics,Denver,0,N/A
266,22,"2025-04-04 13:35:52",9436.22,restaurant,Phoenix,0,N/A
267,127,"2024-10-06 11:52:59",9805.92,electronics,Raleigh,0,N/A
268,222,"2024-11-08 02:51:01",5548.63,clothing,Oakland,1,"Between 2 and 5 AM"
269,72,"2025-01-16 00:25:30",2045.17,clothing,Tucson,0,N/A
270,272,"2025-02-22 03:58:02",6820.98,other,Jacksonville,1,"Between 2 and 5 AM"
271,212,"2025-01-17 07:50:27",5257.28,other,"San Antonio",0,N/A
272,20,"2025-06-06 07:14:03",9386.21,electronics,Nashville,0,N/A
273,180,"2024-11-03 01:26:14",9323.91,restaurant,"New Orleans",0,N/A
274,221,"2025-05-19 12:36:06",1207.77,restaurant,Jacksonville,0,N/A
275,143,"2025-05-14 22:09:23",9028.77,other,Boston,0,N/A
276,219,"2024-07-08 10:25:26",9353.65,other,"San Francisco",0,N/A
277,7,"2024-12-18 11:10:27",9918.08,other,Phoenix,1,"Multiple Locations"
278,222,"2024-12-29 18:13:08",1765.41,electronics,Tulsa,0,N/A
279,36,"2025-02-08 21:52:14",3380.86,restaurant,Milwaukee,0,N/A
280,59,"2025-01-11 02:15:52",1163.66,clothing,"El Paso",1,"Between 2 and 5 AM"
281,205,"2024-11-17 23:45:58",8095.92,electronics,"Los Angeles",0,N/A
282,23,"2024-09-15 19:15:17",7171.73,clothing,"Kansas City",1,"Multiple Locations"
283,232,"2024-07-27 16:24:43",380.48,electronics,Oakland,0,N/A
284,107,"2025-06-20 08:22:15",5174.49,other,"Fort Worth",0,N/A
285,160,"2025-01-16 18:25:26",5819.61,clothing,Columbus,0,N/A
286,16,"2024-11-30 12:46:51",956.84,electronics,Seattle,0,N/A
287,224,"2025-04-23 06:42:15",5316.69,groceries,Washington,0,N/A
288,204,"2024-09-27 10:07:46",337.16,clothing,Seattle,0,N/A
289,222,"2025-01-16 22:30:59",8475.59,restaurant,Omaha,0,N/A
290,141,"2025-01-26 04:33:29",978.86,restaurant,"Fort Worth",1,"Between 2 and 5 AM"
291,249,"2025-01-07 11:41:51",7183.6,clothing,Baltimore,0,N/A
292,53,"2025-04-12 03:40:04",5947.06,groceries,Oakland,1,"Between 2 and 5 AM"
293,244,"2024-07-22 17:33:35",3364.08,other,Tulsa,0,N/A
294,14,"2025-06-22 21:28:55",3580.97,restaurant,Louisville,0,N/A
295,7,"2024-11-15 07:49:58",6365.34,electronics,Tulsa,1,"Multiple Locations"
296,259,"2025-01-28 06:47:20",9759.36,groceries,"San Francisco",0,N/A
297,92,"2024-09-30 19:56:51",771.61,groceries,Wichita,0,N/A
298,53,"2025-03-05 15:33:52",7118.19,electronics,"Kansas City",0,N/A
299,226,"2025-02-19 03:46:40",3871.03,groceries,Arlington,1,"Between 2 and 5 AM"
300,192,"2024-10-14 04:13:17",6597.2,groceries,"Virginia Beach",1,"Between 2 and 5 AM"
301,176,"2025-03-19 00:36:36",9225.91,electronics,Milwaukee,0,N/A
302,175,"2024-10-28 03:19:18",1095.24,clothing,Fresno,1,"Between 2 and 5 AM"
303,36,"2025-05-03 00:33:07",3557.22,clothing,Portland,0,N/A
304,159,"2024-09-02 22:59:38",7392.54,other,Houston,0,N/A
305,270,"2024-10-30 16:49:21",1603.83,electronics,"New York",0,N/A
306,35,"2024-09-11 13:06:50",7893.65,restaurant,Philadelphia,1,"Multiple Locations"
307,208,"2025-05-08 21:34:19",2174.17,restaurant,"Oklahoma City",0,N/A
308,242,"2025-04-27 04:31:13",997.18,clothing,Arlington,1,"Between 2 and 5 AM"
309,162,"2024-07-27 11:30:22",8634.82,other,"Virginia Beach",0,N/A
310,170,"2025-05-03 05:37:15",9811.15,groceries,"Virginia Beach",0,N/A
311,61,"2024-09-21 10:59:22",4460.72,clothing,Denver,0,N/A
312,289,"2024-12-09 13:00:31",9441.65,groceries,Louisville,0,N/A
313,228,"2024-11-14 22:02:43",9307.8,clothing,"Oklahoma City",1,"Multiple Locations"
314,73,"2025-02-26 14:32:10",5524.22,clothing,"New Orleans",0,N/A
315,236,"2025-01-21 04:46:44",3591.75,electronics,"El Paso",1,"Between 2 and 5 AM"
316,187,"2024-08-30 09:45:54",944.08,other,Albuquerque,0,N/A
317,273,"2025-06-19 18:50:25",3846.29,groceries,Denver,0,N/A
318,13,"2025-02-20 09:49:43",3178.11,restaurant,Sacramento,1,"Multiple Locations"
319,60,"2025-05-15 12:16:18",1191.49,clothing,"San Antonio",1,"Multiple Locations"
320,35,"2025-02-03 12:37:52",2365.57,restaurant,Miami,1,"Multiple Locations"
321,46,"2024-07-20 11:33:51",2444.19,clothing,Charlotte,0,N/A
322,157,"2025-06-11 16:19:40",7076.75,electronics,"Oklahoma City",0,N/A
323,181,"2024-11-29 23:59:50",9848.64,clothing,Sacramento,0,N/A
324,70,"2024-12-04 18:15:20",7323.01,clothing,"New Orleans",0,N/A
325,84,"2025-05-06 16:58:45",7492.94,groceries,"Las Vegas",1,"Multiple Locations"
326,190,"2024-10-15 02:26:23",2900.17,electronics,Baltimore,1,"Between 2 and 5 AM"
327,204,"2024-12-29 10:34:21",5819.28,groceries,"Los Angeles",0,N/A
328,164,"2024-07-01 14:29:13",6751.85,restaurant,Nashville,0,N/A
329,270,"2024-12-29 08:23:14",3526.26,electronics,"New York",0,N/A
330,270,"2024-08-16 15:19:22",570.81,restaurant,Detroit,0,N/A
331,220,"2024-07-05 06:26:23",10251.26,electronics,"New York",1,"Over $10,000"
332,98,"2025-06-16 13:30:56",8321.31,electronics,Portland,0,N/A
333,156,"2025-01-04 11:17:06",7236.62,groceries,"San Francisco",0,N/A
334,111,"2025-01-25 00:38:34",6876.99,restaurant,Mesa,0,N/A
335,107,"2025-05-08 23:13:23",8846.38,groceries,Houston,0,N/A
336,11,"2025-01-03 16:17:01",3016.8,groceries,"Las Vegas",1,"Multiple Locations"
337,29,"2025-03-07 04:52:17",3350.05,electronics,Denver,1,"Between 2 and 5 AM"
338,40,"2025-06-27 19:59:44",8412.96,restaurant,Nashville,0,N/A
339,44,"2025-03-05 22:36:06",6801.49,restaurant,Omaha,0,N/A
340,98,"2024-07-05 12:43:14",7467.24,other,Milwaukee,0,N/A
341,248,"2025-03-11 07:37:25",6382.17,groceries,"San Antonio",0,N/A
342,18,"2025-06-28 15:03:34",4837.51,other,"New York",0,N/A
343,157,"2024-09-28 09:12:35",8880.89,clothing,Atlanta,0,N/A
344,232,"2025-06-19 20:46:00",3601.2,restaurant,Oakland,0,N/A
345,66,"2025-06-23 08:40:19",5159.87,electronics,"San Francisco",1,"Multiple Locations"
346,140,"2025-02-27 12:21:34",9463.18,groceries,"Oklahoma City",0,N/A
347,69,"2024-11-24 10:16:34",3629.93,electronics,"Fort Worth",0,N/A
348,99,"2024-11-06 18:26:46",5657.51,other,Miami,0,N/A
349,44,"2025-02-14 13:11:51",6091.64,other,Albuquerque,0,N/A
350,203,"2024-12-12 00:37:47",5030.68,electronics,Columbus,0,N/A
351,137,"2024-10-27 01:43:33",10321.65,other,Columbus,1,"Over $10,000"
352,203,"2024-09-15 11:18:59",4379.44,clothing,Fresno,0,N/A
353,37,"2024-10-20 11:07:38",3164.56,electronics,"Fort Worth",0,N/A
354,23,"2024-08-30 08:24:59",9138.85,clothing,Mesa,1,"Multiple Locations"
355,33,"2024-07-29 19:56:06",5567.83,clothing,"Long Beach",0,N/A
356,201,"2024-07-07 03:40:15",8324.06,electronics,"San Antonio",1,"Between 2 and 5 AM"
357,191,"2024-10-07 17:10:07",1439.89,groceries,"New York",0,N/A
358,62,"2024-12-16 06:23:58",2045.32,groceries,Chicago,1,"Multiple Locations"
359,86,"2025-02-07 18:50:12",7703.99,electronics,Boston,0,N/A
360,166,"2025-04-11 09:02:05",8196.28,electronics,"Las Vegas",0,N/A
361,143,"2025-01-30 21:51:45",1865.14,electronics,Memphis,0,N/A
362,267,"2025-03-26 15:15:20",9882.39,electronics,Oakland,0,N/A
363,250,"2025-04-08 16:07:02",9999.29,restaurant,"Las Vegas",0,N/A
364,166,"2025-04-03 09:01:38",8424.94,clothing,Washington,0,N/A
365,190,"2024-09-29 11:21:00",2528.38,clothing,Austin,0,N/A
366,159,"2024-08-03 10:02:24",8295.6,clothing,Sacramento,0,N/A
367,14,"2024-09-06 12:47:08",2498.95,electronics,Tulsa,0,N/A
368,180,"2025-05-20 07:05:02",933.51,restaurant,"Colorado Springs",0,N/A
369,9,"2024-10-18 18:49:01",3188.44,clothing,Mesa,0,N/A
370,258,"2025-01-19 09:19:29",9079.98,groceries,Charlotte,0,N/A
371,85,"2024-10-27 07:36:14",2753.35,groceries,Omaha,0,N/A
372,21,"2024-09-23 17:17:52",2025.42,groceries,"Las Vegas",0,N/A
373,118,"2024-09-29 06:40:38",587.11,groceries,Chicago,0,N/A
374,31,"2024-09-15 17:30:59",8615.32,clothing,Philadelphia,0,N/A
375,31,"2024-11-02 09:45:01",7366.68,restaurant,Denver,0,N/A
376,180,"2024-10-22 19:57:01",1543.15,groceries,Chicago,0,N/A
377,166,"2025-03-11 15:34:53",7558.05,groceries,"San Francisco",0,N/A
378,246,"2024-08-09 23:17:39",2446.08,electronics,Jacksonville,0,N/A
379,109,"2024-09-18 18:46:39",1048.51,electronics,Oakland,0,N/A
380,46,"2024-09-25 20:21:56",1073.46,other,Austin,0,N/A
381,234,"2024-07-21 17:37:07",5582.02,groceries,Houston,0,N/A
382,142,"2024-08-15 02:51:38",816.04,groceries,Columbus,1,"Between 2 and 5 AM"
383,91,"2025-06-22 00:23:35",4268.3,restaurant,Indianapolis,0,N/A
384,32,"2024-07-25 17:23:03",4832.7,other,Louisville,0,N/A
385,61,"2024-09-24 06:56:44",6505.18,groceries,Arlington,0,N/A
386,256,"2025-03-23 19:22:29",8604.1,other,"Colorado Springs",0,N/A
387,274,"2025-05-22 06:41:05",4647.33,electronics,Omaha,0,N/A
388,228,"2024-07-17 03:27:32",122.17,other,Boston,1,"Multiple Locations"
389,184,"2024-10-28 13:35:21",4642.21,electronics,Tucson,0,N/A
390,224,"2025-06-11 08:33:27",8178.47,restaurant,Jacksonville,0,N/A
391,215,"2024-08-23 23:02:44",497.92,clothing,Albuquerque,0,N/A
392,243,"2024-09-17 08:46:23",4364.32,clothing,"New York",0,N/A
393,145,"2025-04-28 03:58:07",4773.78,clothing,Milwaukee,1,"Between 2 and 5 AM"
394,257,"2025-01-15 07:04:18",8585.92,groceries,"New York",0,N/A
395,188,"2025-05-07 05:39:05",4753.32,clothing,Columbus,0,N/A
396,114,"2025-01-23 08:22:07",2199.75,electronics,Boston,0,N/A
397,52,"2024-11-03 22:10:08",4524.27,clothing,"Kansas City",0,N/A
398,136,"2024-10-13 09:58:41",464.49,electronics,"Colorado Springs",0,N/A
399,77,"2024-12-20 14:35:41",3556.13,electronics,Washington,0,N/A
400,35,"2025-02-21 14:00:41",4100.91,restaurant,Tulsa,1,"Multiple Locations"
401,66,"2024-07-12 20:37:28",5883.77,other,Wichita,1,"Multiple Locations"
402,29,"2024-12-11 18:16:30",1727.23,electronics,Louisville,0,N/A
403,295,"2025-03-20 22:39:04",7117.99,groceries,Miami,0,N/A
404,146,"2024-07-24 18:11:10",954.88,restaurant,Philadelphia,0,N/A
405,227,"2024-10-02 02:40:32",5665.1,groceries,Albuquerque,1,"Between 2 and 5 AM"
406,115,"2024-07-03 12:48:53",2139.49,clothing,Nashville,0,N/A
407,234,"2025-03-08 05:56:16",6960.64,other,Albuquerque,0,N/A
408,8,"2024-12-12 10:29:47",3422.87,restaurant,Phoenix,0,N/A
409,151,"2025-04-10 12:57:23",3429.75,other,"Colorado Springs",0,N/A
410,4,"2024-10-05 10:23:29",290.16,groceries,"Virginia Beach",0,N/A
411,142,"2025-04-21 09:24:34",3923.9,restaurant,Mesa,0,N/A
412,25,"2024-12-15 19:55:43",7461.13,restaurant,Washington,0,N/A
413,276,"2024-09-08 00:12:00",4310.63,groceries,Indianapolis,0,N/A
414,187,"2025-01-11 05:55:11",7102.76,restaurant,Milwaukee,0,N/A
415,196,"2025-01-21 20:39:16",2902.79,groceries,Seattle,0,N/A
416,119,"2024-11-28 19:35:29",4934.91,other,"New York",0,N/A
417,283,"2024-11-11 17:00:36",10403.1,groceries,Jacksonville,1,"Over $10,000"
418,76,"2025-02-10 01:40:51",1309.18,groceries,Austin,0,N/A
419,204,"2024-09-21 04:52:26",215.23,clothing,"Kansas City",1,"Between 2 and 5 AM"
420,34,"2024-10-19 17:15:49",954.73,other,Arlington,0,N/A
421,263,"2025-01-02 22:08:50",4987.13,restaurant,Oakland,0,N/A
422,26,"2024-11-02 10:47:20",429.01,electronics,Fresno,0,N/A
423,14,"2024-11-26 14:42:53",8526.46,restaurant,Columbus,0,N/A
424,168,"2024-06-30 14:00:58",2548.59,groceries,Fresno,0,N/A
425,185,"2025-03-05 07:39:08",4441.52,electronics,Tulsa,0,N/A
426,179,"2025-06-22 22:48:27",3568.99,clothing,"Fort Worth",0,N/A
427,271,"2025-05-09 23:43:51",4901.63,other,Minneapolis,0,N/A
428,280,"2025-03-02 00:28:54",7128.1,clothing,"Oklahoma City",0,N/A
429,268,"2024-08-22 21:44:58",5698.52,electronics,Minneapolis,0,N/A
430,183,"2024-09-08 08:10:57",3204.4,other,Memphis,0,N/A
431,82,"2024-08-02 23:19:38",6231.54,other,"New York",0,N/A
432,189,"2024-07-25 10:28:12",3328.86,groceries,Wichita,0,N/A
433,154,"2025-03-23 22:26:06",4363.89,groceries,Miami,0,N/A
434,51,"2025-06-12 13:15:11",2198.38,groceries,Detroit,0,N/A
435,158,"2025-05-14 14:57:17",1912.49,clothing,Sacramento,0,N/A
436,171,"2025-04-11 17:14:14",7758.37,clothing,Tucson,0,N/A
437,48,"2025-03-27 03:36:52",5643.83,other,Chicago,1,"Between 2 and 5 AM"
438,287,"2025-04-09 16:12:39",20.26,restaurant,"New Orleans",0,N/A
439,87,"2025-04-01 02:11:59",3781.06,groceries,Tucson,1,"Between 2 and 5 AM"
440,2,"2025-06-11 20:45:33",2337.47,groceries,Raleigh,0,N/A
441,298,"2025-04-17 04:44:01",5463.76,groceries,Denver,1,"Between 2 and 5 AM"
442,158,"2024-08-16 15:38:59",6445.13,restaurant,Fresno,0,N/A
443,84,"2025-01-02 13:29:14",3723.85,electronics,Washington,1,"Multiple Locations"
444,26,"2025-01-04 21:33:31",4654.72,clothing,"San Antonio",0,N/A
445,294,"2025-01-30 13:01:52",992.68,groceries,"New York",0,N/A
446,211,"2025-05-19 21:03:54",5027.46,groceries,Baltimore,0,N/A
447,87,"2025-05-02 11:42:20",3037.91,other,"Kansas City",0,N/A
448,115,"2025-02-16 13:13:31",2618.36,restaurant,"New York",0,N/A
449,6,"2024-11-15 07:37:18",5774.14,electronics,"New Orleans",0,N/A
450,39,"2024-08-22 23:51:40",6727.72,clothing,Miami,0,N/A
451,241,"2025-04-18 11:21:28",4783.71,clothing,"Fort Worth",0,N/A
452,46,"2025-06-12 00:29:31",7179.84,clothing,Portland,0,N/A
453,44,"2024-10-12 20:09:17",4828.12,other,Houston,0,N/A
454,96,"2025-05-24 15:32:46",6510.81,other,Portland,0,N/A
455,215,"2024-08-11 11:52:26",9950.49,electronics,Omaha,0,N/A
456,288,"2024-10-27 17:06:18",6913.43,other,Washington,0,N/A
457,298,"2025-03-26 11:28:21",7852.72,groceries,"Fort Worth",0,N/A
458,156,"2024-07-08 18:26:42",3595.72,groceries,Philadelphia,0,N/A
459,62,"2024-12-25 06:45:25",189.83,electronics,Detroit,1,"Multiple Locations"
460,220,"2024-09-23 19:42:29",2978.87,other,"San Antonio",0,N/A
461,204,"2024-10-19 04:48:31",4186.04,restaurant,Miami,1,"Between 2 and 5 AM"
462,147,"2024-09-17 17:02:25",10233.73,other,Austin,1,"Over $10,000"
463,138,"2024-12-08 11:34:49",2144.99,other,Columbus,0,N/A
464,106,"2024-08-03 18:41:37",3411.61,groceries,Nashville,0,N/A
465,78,"2025-02-21 15:47:02",6842.36,other,Mesa,0,N/A
466,281,"2024-08-25 13:37:58",203.78,restaurant,Atlanta,0,N/A
467,225,"2024-11-17 09:12:51",6040.46,groceries,"Long Beach",0,N/A
468,255,"2024-11-16 10:43:13",7355.1,electronics,Dallas,0,N/A
469,248,"2025-05-21 22:09:14",7500.07,electronics,Sacramento,0,N/A
470,60,"2025-04-09 02:54:32",4213.53,restaurant,Charlotte,1,"Multiple Locations"
471,102,"2024-10-31 00:46:32",2081.66,electronics,Raleigh,0,N/A
472,161,"2024-11-17 12:43:12",4365.42,electronics,"El Paso",0,N/A
473,77,"2024-09-09 21:13:45",9293.14,groceries,Washington,0,N/A
474,253,"2025-06-10 16:11:20",1107.2,other,Louisville,0,N/A
475,77,"2024-12-31 02:13:16",6536.25,restaurant,Milwaukee,1,"Between 2 and 5 AM"
476,1,"2024-12-14 18:11:34",6517.12,groceries,Seattle,0,N/A
477,224,"2025-03-13 22:19:32",7868.12,restaurant,"New Orleans",0,N/A
478,107,"2025-06-17 12:57:08",9120.56,clothing,"Los Angeles",0,N/A
479,65,"2025-06-28 04:01:05",1288.46,groceries,"Los Angeles",1,"Between 2 and 5 AM"
480,1,"2025-03-16 17:13:56",4263.35,electronics,Sacramento,0,N/A
481,41,"2025-05-14 14:36:59",1837.69,other,Minneapolis,0,N/A
482,52,"2025-06-26 05:43:08",3492.86,clothing,Nashville,0,N/A
483,255,"2025-04-05 11:20:22",7930.39,clothing,Baltimore,0,N/A
484,297,"2024-11-12 18:29:02",10209.52,other,Baltimore,1,"Over $10,000"
485,138,"2024-08-20 01:31:40",8306.26,electronics,Denver,0,N/A
486,109,"2024-09-28 05:08:38",1196.26,other,Oakland,0,N/A
487,7,"2025-03-10 02:53:07",5411.93,other,"San Diego",1,"Multiple Locations"
488,277,"2024-09-07 19:43:34",10488.33,restaurant,"Las Vegas",1,"Over $10,000"
489,7,"2024-07-02 16:33:40",3245.01,groceries,Omaha,1,"Multiple Locations"
490,154,"2025-01-27 15:39:47",9379.44,other,"El Paso",0,N/A
491,234,"2025-01-04 06:35:36",4950.82,electronics,"Oklahoma City",0,N/A
492,243,"2025-03-07 14:47:32",4205.2,restaurant,Philadelphia,0,N/A
493,184,"2025-02-01 22:41:06",1693.89,electronics,"New York",0,N/A
494,185,"2024-08-05 03:54:07",8725.48,clothing,"San Francisco",1,"Between 2 and 5 AM"
495,5,"2024-12-24 21:36:44",4498.45,groceries,"New Orleans",0,N/A
496,72,"2025-02-18 07:56:14",6336.92,other,Houston,0,N/A
497,96,"2025-01-18 15:45:56",3854.39,other,Denver,0,N/A
498,134,"2025-05-20 10:07:44",9986.75,clothing,Memphis,0,N/A
499,69,"2024-08-01 02:29:00",2020.69,electronics,Oakland,1,"Between 2 and 5 AM"
500,60,"2025-05-04 07:18:36",9067.55,electronics,Detroit,1,"Multiple Locations"
501,206,"2025-06-04 11:40:00",3508.34,clothing,Phoenix,1,"Multiple Locations"
502,133,"2024-08-06 18:25:32",6747.51,electronics,Baltimore,0,N/A
503,63,"2024-10-06 20:04:48",8611.24,electronics,Charlotte,0,N/A
504,232,"2024-07-01 13:01:53",3196.16,groceries,Oakland,0,N/A
505,272,"2024-12-24 21:42:38",1795.91,electronics,Milwaukee,0,N/A
506,258,"2024-07-23 09:05:24",10172.79,electronics,"Colorado Springs",1,"Over $10,000"
507,74,"2025-03-29 13:49:13",3060.8,groceries,Tulsa,0,N/A
508,195,"2025-02-08 00:09:07",2570.41,other,Baltimore,0,N/A
509,7,"2024-06-29 17:13:24",7378.27,restaurant,Albuquerque,1,"Multiple Locations"
510,60,"2025-06-04 14:40:14",6870.05,restaurant,Omaha,1,"Multiple Locations"
511,159,"2025-04-24 02:11:30",9556.42,groceries,"Kansas City",1,"Between 2 and 5 AM"
512,77,"2025-03-07 21:07:24",7637.17,restaurant,"Kansas City",0,N/A
513,111,"2025-01-11 05:14:13",10439.81,other,Albuquerque,1,"Over $10,000"
514,255,"2024-09-07 09:27:26",2307.82,groceries,Indianapolis,0,N/A
515,64,"2024-07-31 10:05:29",2278.2,groceries,"Colorado Springs",0,N/A
516,266,"2024-12-12 01:25:48",6134.93,clothing,Omaha,0,N/A
517,172,"2025-04-17 10:59:52",6274.79,restaurant,Fresno,0,N/A
518,234,"2024-10-05 05:44:42",6289.05,groceries,Columbus,0,N/A
519,125,"2025-01-27 01:08:09",2665.29,restaurant,Baltimore,0,N/A
520,229,"2024-11-29 20:14:37",8426.89,groceries,Austin,0,N/A
521,217,"2025-03-15 07:13:15",389.39,groceries,Sacramento,0,N/A
522,1,"2024-11-08 00:21:00",2355.88,groceries,Columbus,0,N/A
523,118,"2024-09-15 22:21:59",5952.58,electronics,Milwaukee,0,N/A
524,84,"2024-07-01 22:51:43",8013.58,groceries,Dallas,1,"Multiple Locations"
525,17,"2024-09-23 16:24:44",4553.84,clothing,Minneapolis,0,N/A
526,209,"2024-12-25 11:36:36",7647.94,electronics,Wichita,0,N/A
527,82,"2025-03-05 06:55:53",4776.88,groceries,Arlington,0,N/A
528,160,"2024-09-22 04:47:25",9479.01,other,Fresno,1,"Between 2 and 5 AM"
529,245,"2025-05-25 09:37:08",7880.49,electronics,"Long Beach",0,N/A
530,247,"2025-06-04 06:43:30",2103.54,groceries,Tulsa,0,N/A
531,121,"2024-11-22 10:28:48",7120.03,restaurant,Portland,0,N/A
532,245,"2024-10-13 01:31:08",8365.26,other,Louisville,0,N/A
533,254,"2025-05-03 21:56:49",6043.22,other,Columbus,0,N/A
534,66,"2024-08-21 12:37:37",4458.75,electronics,"Los Angeles",1,"Multiple Locations"
535,163,"2024-12-27 21:38:52",2848.52,groceries,"New Orleans",0,N/A
536,130,"2024-08-23 21:11:28",8435.33,groceries,Washington,0,N/A
537,295,"2025-06-02 00:57:10",9693.57,electronics,Phoenix,0,N/A
538,254,"2024-09-13 08:32:46",9740.48,restaurant,"Virginia Beach",0,N/A
539,286,"2025-06-18 12:13:59",4134.4,other,Detroit,0,N/A
540,112,"2024-09-03 01:12:05",4456.04,electronics,Atlanta,0,N/A
541,91,"2024-10-15 16:49:40",4972.84,restaurant,Wichita,0,N/A
542,44,"2025-06-07 23:49:13",4703.05,groceries,Dallas,0,N/A
543,35,"2024-12-11 17:11:27",209.68,groceries,Oakland,1,"Multiple Locations"
544,220,"2025-04-07 16:42:03",7087.19,clothing,"San Antonio",0,N/A
545,2,"2024-08-07 15:52:23",279.77,clothing,Baltimore,0,N/A
546,20,"2024-08-02 03:16:30",2632.81,restaurant,Milwaukee,1,"Between 2 and 5 AM"
547,187,"2025-04-26 02:01:49",5008.47,clothing,"San Francisco",1,"Between 2 and 5 AM"
548,108,"2025-06-04 13:18:02",4692.59,restaurant,Seattle,0,N/A
549,84,"2024-08-30 21:40:42",3919.3,electronics,Detroit,1,"Multiple Locations"
550,141,"2024-08-13 20:42:44",2917.13,clothing,"Fort Worth",0,N/A
551,83,"2024-11-29 16:16:43",2240.97,groceries,Tucson,0,N/A
552,254,"2025-04-11 05:00:47",4911.04,clothing,Miami,0,N/A
553,116,"2024-07-01 18:10:29",7425.52,clothing,Portland,0,N/A
554,166,"2025-05-09 17:57:59",5560.78,other,Denver,0,N/A
555,126,"2025-05-09 11:08:14",9729.99,other,Oakland,0,N/A
556,63,"2025-02-03 16:21:41",2025.73,groceries,Seattle,0,N/A
557,31,"2025-05-22 03:13:48",8260.65,clothing,Raleigh,1,"Between 2 and 5 AM"
558,92,"2024-12-28 11:39:15",7281.12,clothing,Tucson,0,N/A
559,232,"2024-12-26 07:34:37",8025.51,electronics,Minneapolis,0,N/A
560,209,"2025-04-21 05:51:10",5407.21,clothing,Columbus,0,N/A
561,190,"2025-03-04 17:43:29",5833.14,clothing,Minneapolis,0,N/A
562,21,"2024-07-22 16:35:25",2153.32,clothing,"New York",0,N/A
563,271,"2025-04-11 10:16:27",10167.4,groceries,Baltimore,1,"Over $10,000"
564,100,"2024-10-18 09:58:44",7868.04,restaurant,Fresno,0,N/A
565,231,"2025-01-04 09:34:42",3497.57,restaurant,"Kansas City",0,N/A
566,50,"2024-10-12 03:49:15",1487.47,other,"Colorado Springs",1,"Between 2 and 5 AM"
567,103,"2024-10-14 13:59:43",6777.72,other,Seattle,0,N/A
568,272,"2024-10-15 12:03:16",4078.57,other,Louisville,0,N/A
569,106,"2025-06-08 03:06:30",2732.77,groceries,"San Jose",1,"Between 2 and 5 AM"
570,136,"2024-12-02 02:01:10",3450.09,groceries,"Kansas City",1,"Between 2 and 5 AM"
571,67,"2025-02-06 17:50:23",10051.63,groceries,Columbus,1,"Over $10,000"
572,31,"2025-01-11 09:24:41",3383.81,restaurant,"Colorado Springs",0,N/A
573,253,"2025-06-09 03:02:07",6734.23,clothing,Miami,1,"Between 2 and 5 AM"
574,13,"2025-02-12 02:12:40",932.29,restaurant,"San Francisco",1,"Multiple Locations"
575,126,"2024-07-11 21:26:39",5051.5,other,Seattle,0,N/A
576,108,"2025-05-01 03:46:46",8618.99,electronics,Mesa,1,"Between 2 and 5 AM"
577,242,"2024-09-02 03:51:25",2895.66,clothing,Phoenix,1,"Between 2 and 5 AM"
578,276,"2024-07-26 18:15:30",7203.73,other,Louisville,0,N/A
579,164,"2024-09-08 03:35:30",1296.42,electronics,"Kansas City",1,"Between 2 and 5 AM"
580,30,"2024-10-10 01:44:28",3716.13,groceries,"Virginia Beach",0,N/A
581,51,"2025-04-16 23:50:21",8350.75,electronics,"Kansas City",0,N/A
582,203,"2024-08-08 12:43:37",1527.2,clothing,"Colorado Springs",0,N/A
583,10,"2024-08-12 10:18:11",9632.61,groceries,Philadelphia,0,N/A
584,142,"2024-08-22 04:47:26",1075.69,electronics,Seattle,1,"Between 2 and 5 AM"
585,201,"2025-01-26 00:30:28",10462.2,other,"El Paso",1,"Over $10,000"
586,299,"2025-02-11 05:35:19",2437.17,electronics,Atlanta,0,N/A
587,239,"2024-07-28 11:00:52",6011.07,electronics,Raleigh,0,N/A
588,70,"2025-06-16 18:26:43",7742.29,clothing,Philadelphia,0,N/A
589,19,"2025-02-11 00:17:18",4408.36,clothing,Omaha,0,N/A
590,30,"2024-08-19 05:01:53",1062.49,electronics,"San Antonio",0,N/A
591,277,"2025-02-21 13:11:08",7348.46,other,Charlotte,0,N/A
592,285,"2025-02-08 19:07:00",10229.67,clothing,Louisville,1,"Over $10,000"
593,23,"2024-09-15 07:58:07",433.08,restaurant,Tucson,1,"Multiple Locations"
594,180,"2025-06-24 00:26:01",643.48,electronics,Tulsa,0,N/A
595,45,"2024-09-24 21:12:38",7303.98,groceries,Tulsa,1,"Multiple Locations"
596,189,"2024-07-05 11:52:30",2158.35,electronics,"Colorado Springs",0,N/A
597,247,"2024-12-03 04:22:57",7122.57,groceries,Jacksonville,1,"Between 2 and 5 AM"
598,270,"2024-09-15 00:23:12",1764.17,groceries,Tulsa,0,N/A
599,104,"2025-06-28 00:32:44",6082.81,other,Miami,0,N/A
600,34,"2025-06-25 13:40:22",1347.41,groceries,Chicago,0,N/A
601,183,"2025-05-12 11:32:55",6443.3,electronics,"San Antonio",0,N/A
602,284,"2025-01-25 00:06:30",10071.35,clothing,Atlanta,1,"Multiple Locations"
603,6,"2024-09-10 12:09:46",6379.41,restaurant,"Las Vegas",0,N/A
604,291,"2024-07-25 12:49:20",6403.31,other,"San Antonio",0,N/A
605,209,"2025-05-26 22:23:36",9368.22,electronics,Denver,0,N/A
606,145,"2025-01-18 12:54:15",1845.99,groceries,"Los Angeles",0,N/A
607,279,"2024-08-11 13:10:51",9919.17,groceries,Atlanta,0,N/A
608,185,"2025-02-07 06:36:07",8473.62,restaurant,"Colorado Springs",0,N/A
609,80,"2025-01-02 04:31:41",8644.86,groceries,Miami,1,"Between 2 and 5 AM"
610,223,"2025-03-09 01:49:54",3817.88,restaurant,Seattle,0,N/A
611,74,"2025-06-05 20:56:54",1892.74,other,"Virginia Beach",0,N/A
612,265,"2024-12-17 02:16:30",7240.01,restaurant,"Los Angeles",1,"Between 2 and 5 AM"
613,167,"2024-08-12 19:56:51",3220.11,groceries,"Long Beach",0,N/A
614,176,"2025-01-28 05:13:59",599.04,electronics,"Oklahoma City",0,N/A
615,109,"2024-11-18 21:57:09",2422.24,groceries,Austin,0,N/A
616,180,"2025-01-09 07:33:11",8049.56,electronics,"San Jose",0,N/A
617,109,"2025-04-19 18:45:24",2392.87,electronics,Detroit,0,N/A
618,93,"2025-04-25 05:27:07",4227.6,restaurant,Seattle,0,N/A
619,46,"2024-10-06 18:36:17",5896.88,electronics,"Kansas City",0,N/A
620,257,"2024-10-05 13:36:52",7479.33,other,"San Diego",0,N/A
621,293,"2024-12-19 15:28:12",10449.28,electronics,Charlotte,1,"Over $10,000"
622,42,"2024-12-08 22:16:55",2207.42,clothing,"San Diego",0,N/A
623,231,"2025-01-04 04:30:08",6035.31,other,Arlington,1,"Between 2 and 5 AM"
624,89,"2025-01-24 20:16:32",4722.13,other,"Oklahoma City",0,N/A
625,202,"2024-12-01 13:04:53",1386.17,clothing,Nashville,0,N/A
626,204,"2025-01-07 13:47:15",3105.76,other,Tucson,0,N/A
627,66,"2025-01-12 08:50:57",1546.69,groceries,Phoenix,1,"Multiple Locations"
628,199,"2024-11-01 03:15:42",1201.11,other,Fresno,1,"Between 2 and 5 AM"
629,2,"2024-10-11 12:29:03",8933.44,other,"San Jose",0,N/A
630,188,"2024-07-15 04:15:58",4589.91,other,Portland,1,"Between 2 and 5 AM"
631,81,"2025-01-08 11:21:04",7448.42,electronics,"New York",0,N/A
632,13,"2024-07-03 19:29:59",10188.65,electronics,Minneapolis,1,"Multiple Locations"
633,37,"2025-04-03 20:19:13",9705.91,electronics,Raleigh,0,N/A
634,84,"2024-08-27 19:38:15",8288.99,groceries,Detroit,1,"Multiple Locations"
635,16,"2025-01-02 20:16:29",9226.45,groceries,Oakland,0,N/A
636,100,"2025-03-29 11:08:58",6960.18,clothing,Baltimore,0,N/A
637,171,"2025-04-28 20:08:42",3490.21,restaurant,Seattle,0,N/A
638,106,"2025-04-09 14:17:08",10092,groceries,Wichita,1,"Over $10,000"
639,132,"2025-01-20 17:54:27",5612.49,restaurant,"San Jose",0,N/A
640,144,"2025-01-09 22:02:13",1699.86,clothing,Nashville,0,N/A
641,152,"2024-07-06 02:26:01",8103.17,groceries,"Las Vegas",1,"Between 2 and 5 AM"
642,231,"2024-09-20 08:07:21",10321.04,clothing,"San Diego",1,"Over $10,000"
643,94,"2024-09-11 22:12:25",3046.3,clothing,Arlington,0,N/A
644,50,"2024-08-05 02:58:05",9329.88,other,"San Francisco",1,"Between 2 and 5 AM"
645,167,"2024-10-18 16:47:28",10088.5,clothing,Arlington,1,"Over $10,000"
646,133,"2025-03-30 20:58:50",34.02,groceries,Chicago,0,N/A
647,284,"2024-07-06 02:14:06",3969.79,electronics,"Las Vegas",1,"Multiple Locations"
648,132,"2024-11-04 04:19:13",3009.56,clothing,Detroit,1,"Between 2 and 5 AM"
649,170,"2025-01-29 19:50:38",5520.55,restaurant,Miami,0,N/A
650,288,"2025-05-13 09:49:29",9671.75,clothing,"San Diego",0,N/A
651,213,"2024-12-09 14:18:49",928.77,clothing,"Los Angeles",0,N/A
652,290,"2025-06-23 07:11:08",9125.69,clothing,"Long Beach",0,N/A
653,1,"2024-09-04 04:32:37",3381.93,restaurant,"Long Beach",1,"Between 2 and 5 AM"
654,228,"2024-12-09 18:03:42",5257.8,other,Seattle,1,"Multiple Locations"
655,170,"2025-06-27 01:40:36",9078.07,restaurant,Chicago,0,N/A
656,240,"2024-07-04 15:42:23",9579.31,restaurant,Denver,0,N/A
657,240,"2024-12-15 11:35:08",6478.63,electronics,Jacksonville,0,N/A
658,122,"2025-05-01 14:59:53",10106.17,electronics,Philadelphia,1,"Over $10,000"
659,289,"2025-03-18 22:28:24",1306.77,groceries,Seattle,0,N/A
660,123,"2024-09-25 03:01:37",3713.49,electronics,Denver,1,"Between 2 and 5 AM"
661,233,"2025-01-15 05:53:39",2250.43,groceries,Indianapolis,0,N/A
662,187,"2025-04-24 18:50:05",2806.74,other,"San Francisco",0,N/A
663,195,"2025-02-11 16:57:22",9824.52,other,Chicago,0,N/A
664,122,"2025-02-07 00:38:44",3889.28,restaurant,Houston,0,N/A
665,108,"2024-11-13 13:52:56",6097.76,groceries,Omaha,0,N/A
666,249,"2024-12-14 06:16:00",7915.45,other,"San Francisco",0,N/A
667,174,"2025-06-16 07:37:06",2052.48,clothing,Jacksonville,0,N/A
668,231,"2024-08-29 03:27:28",1845.23,other,"San Diego",1,"Between 2 and 5 AM"
669,211,"2024-12-17 03:45:08",2523.76,restaurant,Indianapolis,1,"Between 2 and 5 AM"
670,88,"2024-08-23 01:47:22",7179.98,electronics,Houston,0,N/A
671,217,"2024-10-07 09:54:42",9787.71,restaurant,Mesa,0,N/A
672,61,"2025-03-29 00:59:31",1451.32,other,Atlanta,0,N/A
673,294,"2024-12-27 04:08:34",8430.86,restaurant,Mesa,1,"Between 2 and 5 AM"
674,291,"2024-08-10 20:51:40",8108.42,restaurant,Sacramento,0,N/A
675,154,"2025-06-22 07:42:22",96.35,other,Tulsa,0,N/A
676,53,"2024-10-26 06:03:27",2671.93,groceries,Milwaukee,0,N/A
677,264,"2025-01-16 08:22:31",10467.51,clothing,"San Diego",1,"Over $10,000"
678,107,"2025-03-06 12:19:52",746.09,clothing,Fresno,0,N/A
679,263,"2025-06-07 10:21:06",1937.99,restaurant,Minneapolis,0,N/A
680,74,"2024-11-25 13:38:13",4688.99,electronics,Seattle,0,N/A
681,183,"2024-08-29 05:19:01",3712.3,restaurant,Washington,0,N/A
682,117,"2024-10-04 09:47:05",5656.82,restaurant,Milwaukee,0,N/A
683,197,"2024-09-11 17:29:29",892.98,clothing,Wichita,0,N/A
684,87,"2024-07-25 02:13:48",5212.56,electronics,Seattle,1,"Between 2 and 5 AM"
685,35,"2024-10-21 17:38:51",7924.39,electronics,Omaha,1,"Multiple Locations"
686,15,"2025-06-19 06:36:32",8695.13,electronics,Baltimore,0,N/A
687,211,"2025-06-04 13:44:02",7904.94,electronics,Albuquerque,0,N/A
688,160,"2025-01-24 00:09:42",2360.29,electronics,"Virginia Beach",0,N/A
689,117,"2025-01-11 02:42:31",8142.99,other,Mesa,1,"Between 2 and 5 AM"
690,227,"2024-09-02 21:54:38",586.8,other,Washington,0,N/A
691,229,"2025-06-10 11:30:58",1740.14,restaurant,Oakland,0,N/A
692,123,"2024-12-03 21:55:44",6490.61,other,Oakland,0,N/A
693,13,"2024-09-23 19:08:14",8070.06,groceries,Wichita,1,"Multiple Locations"
694,110,"2024-09-29 12:15:31",1315.23,restaurant,"Long Beach",0,N/A
695,193,"2024-10-30 16:22:27",7462.21,other,Tucson,0,N/A
696,65,"2024-07-16 01:48:37",1109.49,electronics,"San Jose",0,N/A
697,58,"2025-06-12 16:58:05",10125.88,restaurant,"San Jose",1,"Over $10,000"
698,153,"2024-07-01 04:14:23",4170.36,electronics,"San Antonio",1,"Between 2 and 5 AM"
699,167,"2024-09-12 23:30:07",7903.14,restaurant,Denver,0,N/A
700,94,"2024-08-19 17:50:56",4223.86,other,"Fort Worth",0,N/A
701,244,"2024-12-29 21:30:33",9396.3,groceries,"Fort Worth",0,N/A
702,48,"2025-05-16 05:17:48",860,other,"Fort Worth",0,N/A
703,73,"2025-04-25 00:52:39",1164.17,electronics,"San Diego",0,N/A
704,63,"2024-11-28 12:28:49",144.73,clothing,"Las Vegas",0,N/A
705,203,"2024-09-03 12:28:42",4242.56,electronics,Detroit,0,N/A
706,261,"2024-12-24 02:10:48",8708.7,clothing,Portland,1,"Between 2 and 5 AM"
707,181,"2025-03-06 14:11:31",2234.37,clothing,"El Paso",0,N/A
708,94,"2024-12-04 21:47:06",6073.29,groceries,"Los Angeles",0,N/A
709,199,"2024-11-14 02:20:03",175.84,other,"New York",1,"Between 2 and 5 AM"
710,284,"2025-06-08 07:48:05",3943.23,electronics,Austin,1,"Multiple Locations"
711,11,"2024-09-07 02:54:03",5176.96,groceries,Miami,1,"Multiple Locations"
712,299,"2025-03-25 17:49:08",6216.41,electronics,"Kansas City",0,N/A
713,14,"2024-12-07 00:27:47",1028.06,clothing,"El Paso",0,N/A
714,253,"2024-07-18 23:01:58",8317.84,other,Raleigh,0,N/A
715,60,"2025-06-05 22:07:14",6758.78,clothing,Sacramento,1,"Multiple Locations"
716,143,"2025-06-08 04:24:21",8636.66,groceries,Baltimore,1,"Between 2 and 5 AM"
717,246,"2025-06-17 02:46:18",2026.93,other,Minneapolis,1,"Between 2 and 5 AM"
718,57,"2024-07-07 07:29:19",5027.01,restaurant,Chicago,0,N/A
719,200,"2024-12-02 02:06:01",3984.77,clothing,Seattle,1,"Between 2 and 5 AM"
720,31,"2024-12-23 23:02:57",5728.97,clothing,Baltimore,0,N/A
721,76,"2024-08-13 22:35:37",3999.69,other,"San Jose",0,N/A
722,53,"2024-10-07 22:58:19",3213.86,electronics,Columbus,0,N/A
723,65,"2024-08-05 16:24:49",10077.36,groceries,Jacksonville,1,"Over $10,000"
724,76,"2025-04-25 22:59:47",4927.21,electronics,Boston,0,N/A
725,292,"2024-09-08 10:23:14",5959.89,restaurant,Mesa,0,N/A
726,206,"2025-04-07 02:28:18",5736.88,electronics,Detroit,1,"Multiple Locations"
727,264,"2024-10-07 05:44:06",7689.03,other,Houston,0,N/A
728,299,"2024-07-14 02:18:17",2136.56,other,Seattle,1,"Between 2 and 5 AM"
729,154,"2024-10-20 23:28:50",8831.55,electronics,Portland,0,N/A
730,192,"2025-02-14 01:36:33",6618.22,restaurant,Atlanta,0,N/A
731,68,"2025-04-09 19:48:31",4062.15,clothing,Mesa,0,N/A
732,124,"2025-02-24 10:51:47",8437.12,groceries,Detroit,0,N/A
733,130,"2025-05-24 06:25:39",208.45,groceries,"Virginia Beach",0,N/A
734,196,"2025-04-12 22:34:45",5492.64,other,"Long Beach",0,N/A
735,60,"2025-05-02 21:42:38",10369.91,clothing,"Virginia Beach",1,"Multiple Locations"
736,170,"2025-06-22 05:34:27",972.7,other,Fresno,0,N/A
737,13,"2025-05-01 02:15:52",2682.73,clothing,Nashville,1,"Multiple Locations"
738,73,"2025-02-13 14:14:36",4485.57,groceries,"Virginia Beach",0,N/A
739,168,"2025-02-24 22:51:57",923.63,restaurant,Seattle,0,N/A
740,143,"2025-05-18 04:39:36",6335.15,clothing,"Oklahoma City",1,"Between 2 and 5 AM"
741,279,"2025-03-25 12:21:46",7590.84,restaurant,"Las Vegas",0,N/A
742,82,"2025-04-02 07:28:13",5315.16,other,Columbus,0,N/A
743,147,"2025-05-05 15:22:28",3455.2,groceries,Albuquerque,0,N/A
744,214,"2024-06-30 16:12:57",10171.49,groceries,Boston,1,"Over $10,000"
745,23,"2024-10-31 08:42:56",9391.02,electronics,Jacksonville,1,"Multiple Locations"
746,277,"2025-01-14 07:17:41",2981.16,electronics,Nashville,0,N/A
747,122,"2024-10-22 06:13:34",841.99,electronics,"Oklahoma City",0,N/A
748,128,"2025-05-11 01:03:22",6086.27,groceries,Memphis,0,N/A
749,186,"2024-12-05 22:42:34",3663.77,restaurant,Wichita,0,N/A
750,227,"2025-05-22 15:42:08",2053.33,clothing,Austin,0,N/A
751,263,"2025-03-19 12:52:29",3097.22,electronics,Chicago,0,N/A
752,193,"2024-08-23 00:47:43",232.05,groceries,Boston,0,N/A
753,158,"2024-12-12 12:29:47",7265.73,electronics,Austin,0,N/A
754,223,"2024-08-25 09:04:50",6219.56,clothing,Columbus,0,N/A
755,248,"2025-04-01 02:50:56",9531.88,electronics,Boston,1,"Between 2 and 5 AM"
756,267,"2025-01-02 17:15:00",7918.26,restaurant,Albuquerque,0,N/A
757,298,"2025-02-19 09:19:07",38.85,restaurant,Houston,0,N/A
758,89,"2025-02-20 12:52:10",6497.33,groceries,"Los Angeles",0,N/A
759,123,"2025-01-15 04:47:25",493.39,electronics,Boston,1,"Between 2 and 5 AM"
760,34,"2024-12-07 22:53:33",3704.96,other,"Las Vegas",0,N/A
761,282,"2025-03-13 04:29:32",6756.46,clothing,Atlanta,1,"Between 2 and 5 AM"
762,298,"2024-11-24 00:17:40",6284.33,restaurant,Nashville,0,N/A
763,11,"2025-01-01 17:52:49",4376.58,groceries,Tulsa,1,"Multiple Locations"
764,66,"2025-03-05 11:44:59",7042.82,other,Sacramento,1,"Multiple Locations"
765,285,"2024-10-22 05:35:39",10270.78,restaurant,Houston,1,"Over $10,000"
766,54,"2024-10-25 18:29:33",8784.26,restaurant,Sacramento,0,N/A
767,66,"2024-08-01 11:52:52",6443.32,clothing,Miami,1,"Multiple Locations"
768,247,"2024-07-26 04:03:14",7170.13,electronics,"Los Angeles",1,"Between 2 and 5 AM"
769,67,"2025-05-16 15:54:45",435.14,clothing,"San Antonio",0,N/A
770,226,"2024-10-22 13:43:19",7944.28,electronics,Tulsa,0,N/A
771,167,"2024-11-04 11:07:56",10048.49,other,Philadelphia,1,"Over $10,000"
772,62,"2024-07-21 18:09:55",1629.56,electronics,Austin,1,"Multiple Locations"
773,142,"2025-02-23 20:26:57",7755.81,groceries,Wichita,0,N/A
774,49,"2025-01-10 18:21:45",10357.55,clothing,Philadelphia,1,"Over $10,000"
775,166,"2024-10-13 20:12:49",8117.2,electronics,"San Diego",0,N/A
776,167,"2024-11-30 22:52:42",8505.22,other,"El Paso",0,N/A
777,61,"2025-04-20 10:42:51",3362.17,restaurant,Nashville,0,N/A
778,17,"2024-11-15 13:22:16",6788.35,restaurant,Chicago,0,N/A
779,289,"2024-08-01 00:28:54",9040.17,other,Charlotte,0,N/A
780,174,"2025-03-18 09:34:38",7206.57,groceries,"San Antonio",0,N/A
781,83,"2025-03-17 08:21:52",527.05,restaurant,Minneapolis,0,N/A
782,3,"2025-03-11 02:41:38",203.02,clothing,Washington,1,"Between 2 and 5 AM"
783,59,"2024-12-28 22:53:54",2863.87,clothing,Denver,0,N/A
784,291,"2025-04-09 23:52:32",3930.54,electronics,Milwaukee,0,N/A
785,154,"2025-02-11 02:29:19",63.57,electronics,Mesa,1,"Between 2 and 5 AM"
786,247,"2024-12-05 04:34:10",6365.71,clothing,Dallas,1,"Between 2 and 5 AM"
787,32,"2025-02-08 10:53:48",5301.73,clothing,Washington,0,N/A
788,236,"2024-09-14 00:13:20",1669.69,clothing,Sacramento,0,N/A
789,172,"2025-02-19 10:16:37",973.98,other,Tucson,0,N/A
790,62,"2024-10-05 08:29:21",5029.62,clothing,"Oklahoma City",1,"Multiple Locations"
791,186,"2024-08-30 19:20:17",1949.96,electronics,"New York",0,N/A
792,69,"2025-05-24 10:24:38",7661.21,groceries,Albuquerque,0,N/A
793,46,"2025-03-20 09:30:12",8930.33,clothing,Louisville,0,N/A
794,40,"2025-02-23 03:47:24",2339.85,groceries,Wichita,1,"Between 2 and 5 AM"
795,272,"2025-05-03 16:47:03",1416.32,restaurant,"San Jose",0,N/A
796,161,"2025-05-14 08:25:23",7276.95,other,"Los Angeles",0,N/A
797,283,"2025-01-30 00:54:23",6928.06,groceries,Atlanta,0,N/A
798,217,"2024-07-02 21:32:09",7546.88,electronics,Denver,0,N/A
799,94,"2025-05-09 11:33:34",825.12,other,Denver,0,N/A
800,88,"2025-04-20 19:45:57",9746.85,restaurant,"San Jose",0,N/A
801,9,"2025-06-16 23:25:26",9956.13,clothing,Arlington,0,N/A
802,81,"2024-08-20 22:24:39",6055.49,clothing,Detroit,0,N/A
803,257,"2025-02-03 06:59:29",7529.37,clothing,"Las Vegas",0,N/A
804,10,"2025-02-28 15:33:41",3781.79,groceries,Oakland,0,N/A
805,55,"2024-10-24 18:04:35",8472.43,other,Jacksonville,0,N/A
806,174,"2024-09-22 20:29:03",4200.51,groceries,Wichita,0,N/A
807,3,"2025-01-18 23:46:53",10158.91,other,Milwaukee,1,"Over $10,000"
808,178,"2025-04-01 11:02:37",5201.93,other,Detroit,0,N/A
809,193,"2024-08-11 11:15:01",1385.38,groceries,"Los Angeles",0,N/A
810,120,"2025-03-04 00:38:49",10451.74,other,Jacksonville,1,"Over $10,000"
811,58,"2024-09-14 09:55:20",7214.04,restaurant,Tucson,0,N/A
812,300,"2025-04-26 09:52:25",3218.84,electronics,Fresno,0,N/A
813,65,"2025-06-21 14:22:27",1089.22,groceries,"Colorado Springs",0,N/A
814,201,"2024-10-21 23:35:43",24,clothing,Miami,0,N/A
815,147,"2025-06-11 15:38:17",10213.55,clothing,Boston,1,"Over $10,000"
816,280,"2024-09-13 07:50:59",1379.96,restaurant,Atlanta,0,N/A
817,104,"2025-05-20 05:46:48",6302.78,other,Oakland,0,N/A
818,124,"2024-12-13 11:06:13",2618.07,restaurant,Mesa,0,N/A
819,281,"2025-04-16 05:45:29",9881.5,groceries,Louisville,0,N/A
820,185,"2024-08-11 19:43:19",497.8,clothing,Fresno,0,N/A
821,100,"2024-08-03 07:07:45",5963.6,other,"San Antonio",0,N/A
822,39,"2025-06-17 05:49:42",2971.06,clothing,Fresno,0,N/A
823,3,"2024-09-12 19:48:21",3379.83,electronics,Baltimore,0,N/A
824,167,"2024-06-30 19:31:55",10425.61,restaurant,Tucson,1,"Over $10,000"
825,278,"2025-04-11 18:05:11",560.86,electronics,Sacramento,0,N/A
826,99,"2025-01-29 01:31:45",606.91,other,Portland,0,N/A
827,138,"2024-11-02 11:54:44",6689.48,restaurant,Houston,0,N/A
828,46,"2025-02-12 12:47:09",1451.57,electronics,Fresno,0,N/A
829,238,"2024-11-21 03:54:59",6695.64,restaurant,"New York",1,"Between 2 and 5 AM"
830,206,"2025-04-29 23:44:55",9861.42,electronics,Charlotte,1,"Multiple Locations"
831,139,"2025-05-21 00:58:44",8789.82,restaurant,Phoenix,0,N/A
832,206,"2025-02-15 13:38:38",4725.89,electronics,"Las Vegas",1,"Multiple Locations"
833,24,"2024-10-22 21:33:43",9480.5,electronics,Seattle,0,N/A
834,83,"2025-01-27 15:11:00",9707.56,electronics,Memphis,0,N/A
835,236,"2025-04-20 22:00:04",6962.63,restaurant,Oakland,0,N/A
836,145,"2025-02-04 03:19:29",1937.34,restaurant,"San Diego",1,"Between 2 and 5 AM"
837,229,"2025-03-30 11:54:03",7464.72,other,"Colorado Springs",0,N/A
838,270,"2025-05-12 07:24:36",5366.58,electronics,Seattle,0,N/A
839,225,"2025-03-16 13:16:10",911.04,electronics,Columbus,0,N/A
840,140,"2024-09-12 06:42:55",9305.81,clothing,Philadelphia,0,N/A
841,156,"2024-07-15 06:00:21",3767.14,other,"San Francisco",0,N/A
842,63,"2024-08-21 05:23:51",6610.15,electronics,Portland,0,N/A
843,28,"2024-10-04 12:58:45",7325.16,electronics,"Colorado Springs",0,N/A
844,82,"2024-07-05 11:54:42",5948.41,other,Omaha,0,N/A
845,129,"2025-04-13 21:36:04",9417.36,groceries,"El Paso",0,N/A
846,223,"2024-08-04 14:43:38",414.59,electronics,Minneapolis,0,N/A
847,293,"2025-05-25 19:45:58",2267.87,other,"El Paso",0,N/A
848,211,"2025-06-14 23:26:16",2947.35,electronics,Indianapolis,0,N/A
849,78,"2025-06-16 08:12:38",4394.18,clothing,"Virginia Beach",0,N/A
850,11,"2024-11-09 19:03:34",753.04,clothing,"Kansas City",1,"Multiple Locations"
851,287,"2025-03-16 11:48:18",4929.13,electronics,"New Orleans",0,N/A
852,271,"2024-07-16 22:45:13",6500.28,restaurant,Chicago,0,N/A
853,109,"2025-04-10 11:57:24",9326.33,electronics,"Las Vegas",0,N/A
854,216,"2025-02-14 03:43:51",1145.29,groceries,Indianapolis,1,"Between 2 and 5 AM"
855,284,"2024-12-03 19:22:18",1910.43,clothing,Denver,1,"Multiple Locations"
856,258,"2025-05-04 06:39:59",4195.46,restaurant,"San Diego",0,N/A
857,50,"2025-04-28 20:00:47",9571.5,electronics,Phoenix,0,N/A
858,126,"2025-05-19 17:17:55",2397.43,restaurant,"El Paso",0,N/A
859,122,"2024-08-13 21:12:07",5503.49,clothing,"Kansas City",0,N/A
860,206,"2025-01-14 03:34:20",4314.98,restaurant,"Kansas City",1,"Multiple Locations"
861,45,"2025-04-02 22:52:53",4187.15,electronics,"Kansas City",1,"Multiple Locations"
862,29,"2024-12-02 10:35:41",9387.84,electronics,Mesa,0,N/A
863,45,"2025-04-16 01:01:13",3107.5,other,Washington,1,"Multiple Locations"
864,182,"2025-04-27 22:15:51",3341.93,clothing,Portland,0,N/A
865,289,"2024-12-07 07:14:32",14.14,other,Fresno,0,N/A
866,172,"2025-05-12 21:13:42",7892.34,other,"New York",0,N/A
867,264,"2025-05-28 14:25:44",7125.23,groceries,Washington,0,N/A
868,90,"2024-11-11 07:40:45",594.29,clothing,"Kansas City",0,N/A
869,187,"2024-10-27 23:29:43",7043.7,restaurant,Miami,0,N/A
870,150,"2024-08-07 18:52:42",1589.44,electronics,Mesa,0,N/A
871,228,"2024-08-25 07:02:51",8869.97,electronics,Jacksonville,1,"Multiple Locations"
872,217,"2024-11-26 21:40:06",5664.74,clothing,Wichita,0,N/A
873,74,"2024-11-21 23:30:31",8840.37,other,Portland,0,N/A
874,281,"2024-11-06 14:09:18",7501.88,other,Louisville,0,N/A
875,37,"2025-05-20 14:23:19",3049.83,clothing,Philadelphia,0,N/A
876,275,"2025-05-29 09:28:36",224.1,clothing,Sacramento,0,N/A
877,288,"2025-06-03 12:31:13",7994.92,groceries,"San Jose",0,N/A
878,132,"2025-02-06 13:26:32",498.33,other,Jacksonville,0,N/A
879,260,"2024-10-06 00:34:12",4540.12,clothing,Memphis,0,N/A
880,189,"2024-12-14 22:34:31",26.49,restaurant,"Kansas City",0,N/A
881,53,"2025-05-12 05:35:58",4766.93,restaurant,Boston,0,N/A
882,83,"2024-09-17 17:30:40",10024.14,electronics,Indianapolis,1,"Over $10,000"
883,200,"2024-07-09 14:38:26",8655.83,clothing,"El Paso",0,N/A
884,300,"2024-09-10 11:59:39",5773.97,electronics,Memphis,0,N/A
885,152,"2025-02-22 02:37:08",10380.66,groceries,Denver,1,"Between 2 and 5 AM"
886,11,"2025-05-17 22:33:12",6947.05,electronics,Arlington,1,"Multiple Locations"
887,37,"2025-01-19 09:19:57",6951.9,other,Charlotte,0,N/A
888,231,"2024-12-06 11:11:52",4562.88,restaurant,Albuquerque,0,N/A
889,40,"2025-01-22 03:43:30",350.05,other,"San Francisco",1,"Between 2 and 5 AM"
890,218,"2024-12-11 04:13:41",5498.72,clothing,"San Antonio",1,"Between 2 and 5 AM"
891,17,"2025-03-27 05:05:46",113.06,restaurant,Miami,0,N/A
892,45,"2025-01-22 18:21:50",9433.67,restaurant,Minneapolis,1,"Multiple Locations"
893,206,"2024-12-20 21:02:29",9398.63,other,"Oklahoma City",1,"Multiple Locations"
894,300,"2025-04-28 00:15:36",1659.68,clothing,Arlington,0,N/A
895,155,"2025-03-01 21:17:55",7717.14,restaurant,"San Jose",0,N/A
896,153,"2024-07-21 05:35:39",3346.33,clothing,"New York",0,N/A
897,275,"2025-04-25 18:37:01",9512.28,groceries,Raleigh,0,N/A
898,41,"2025-01-13 12:13:59",4864.04,clothing,"San Francisco",0,N/A
899,41,"2024-07-24 03:55:58",5449.73,groceries,"Long Beach",1,"Between 2 and 5 AM"
900,29,"2024-12-28 15:31:11",4777.8,groceries,Fresno,0,N/A
901,279,"2024-09-27 06:39:29",9125.25,other,Arlington,0,N/A
902,221,"2024-08-28 01:58:53",5882.67,restaurant,Detroit,0,N/A
903,218,"2024-10-08 23:28:17",10157.9,other,"San Antonio",1,"Over $10,000"
904,253,"2024-08-20 12:29:01",8766.13,electronics,Oakland,0,N/A
905,62,"2024-11-21 04:54:30",8021.65,other,"New Orleans",1,"Multiple Locations"
906,165,"2025-04-20 17:04:43",10041.92,electronics,Philadelphia,1,"Over $10,000"
907,62,"2024-09-28 12:34:26",10239.05,other,Omaha,1,"Multiple Locations"
908,132,"2024-07-01 15:35:48",3991.72,other,Tulsa,0,N/A
909,160,"2025-05-27 02:02:59",9434.28,groceries,Arlington,1,"Between 2 and 5 AM"
910,166,"2024-12-12 08:20:38",9298.49,restaurant,Charlotte,0,N/A
911,39,"2025-03-22 08:17:06",6869.54,groceries,Austin,0,N/A
912,66,"2024-10-07 18:38:01",10445.94,clothing,Dallas,1,"Multiple Locations"
913,253,"2025-04-09 23:23:34",5160.61,other,Phoenix,0,N/A
914,68,"2025-04-21 08:33:03",613.61,clothing,Oakland,0,N/A
915,271,"2025-04-04 08:41:24",9169.77,electronics,"Virginia Beach",0,N/A
916,48,"2025-01-09 13:32:48",5143.57,other,"San Francisco",0,N/A
917,118,"2024-07-30 14:54:07",1090.65,electronics,Charlotte,0,N/A
918,183,"2024-10-02 16:42:06",5296.58,clothing,Arlington,0,N/A
919,42,"2025-03-06 05:12:20",6661.93,restaurant,Columbus,0,N/A
920,152,"2025-05-27 17:55:54",3738.76,electronics,"Las Vegas",0,N/A
921,42,"2024-07-27 17:48:38",8404.78,clothing,Portland,0,N/A
922,7,"2024-12-10 20:15:42",3879.44,other,Seattle,1,"Multiple Locations"
923,37,"2025-06-20 15:08:59",6780.51,electronics,Tulsa,0,N/A
924,83,"2025-06-17 17:24:12",4639.98,restaurant,Austin,0,N/A
925,266,"2025-01-03 09:33:04",1221.82,electronics,Miami,0,N/A
926,260,"2024-12-15 10:00:38",8527.24,groceries,Nashville,0,N/A
927,7,"2024-09-15 21:48:05",1370.71,restaurant,Milwaukee,1,"Multiple Locations"
928,189,"2024-09-18 07:09:50",463.78,electronics,Sacramento,0,N/A
929,197,"2025-01-11 15:58:22",4189.12,electronics,"San Diego",0,N/A
930,163,"2025-02-25 04:00:56",9289.09,other,"Long Beach",1,"Between 2 and 5 AM"
931,217,"2024-12-28 19:07:49",5919.63,groceries,"San Antonio",0,N/A
932,202,"2024-11-09 19:25:58",8703.56,clothing,Arlington,0,N/A
933,161,"2024-11-27 20:27:24",487.18,restaurant,"San Diego",0,N/A
934,242,"2024-12-16 23:14:01",9465.77,restaurant,"San Diego",0,N/A
935,257,"2024-12-25 13:58:18",10338.32,restaurant,Portland,1,"Over $10,000"
936,80,"2024-11-24 07:07:17",8504.27,restaurant,"Long Beach",0,N/A
937,271,"2024-12-04 00:18:31",8522.8,restaurant,Wichita,0,N/A
938,111,"2025-02-06 06:00:21",1325.66,restaurant,Washington,0,N/A
939,23,"2024-10-24 03:50:19",7465.79,groceries,Washington,1,"Multiple Locations"
940,253,"2025-01-08 14:15:36",7472.75,clothing,Milwaukee,0,N/A
941,155,"2024-08-29 23:43:55",4746.08,clothing,"New Orleans",0,N/A
942,54,"2024-12-13 03:46:02",8750.14,clothing,"San Antonio",1,"Between 2 and 5 AM"
943,111,"2024-12-16 09:01:58",4823.58,groceries,Omaha,0,N/A
944,295,"2024-09-27 10:45:59",10180.78,electronics,Baltimore,1,"Over $10,000"
945,26,"2025-05-30 13:06:00",8843.27,groceries,Phoenix,0,N/A
946,292,"2024-11-03 19:16:42",4472.18,groceries,"Fort Worth",0,N/A
947,11,"2024-10-12 01:28:18",823.55,restaurant,"Fort Worth",1,"Multiple Locations"
948,230,"2024-11-21 17:41:44",4480.12,electronics,Austin,0,N/A
949,93,"2025-01-30 06:29:38",745.22,restaurant,Chicago,0,N/A
950,29,"2025-05-31 00:25:23",8146.08,groceries,Chicago,0,N/A
951,274,"2024-12-11 22:34:34",8962.8,other,Minneapolis,0,N/A
952,57,"2024-11-22 04:09:20",6236.89,electronics,"Las Vegas",1,"Between 2 and 5 AM"
953,73,"2025-01-29 23:39:48",7146.2,other,Nashville,0,N/A
954,267,"2025-02-16 19:47:11",8724.04,groceries,Mesa,0,N/A
955,63,"2025-04-11 19:12:02",5323.47,restaurant,Louisville,0,N/A
956,281,"2024-10-04 04:19:41",9059.96,restaurant,"Colorado Springs",1,"Between 2 and 5 AM"
957,222,"2024-09-12 02:01:30",8371.39,restaurant,Wichita,1,"Between 2 and 5 AM"
958,149,"2025-01-30 15:57:34",6048.54,clothing,Sacramento,0,N/A
959,136,"2025-05-06 06:19:14",10026.54,groceries,Portland,1,"Over $10,000"
960,67,"2024-08-06 02:23:11",7133.38,clothing,"Los Angeles",1,"Between 2 and 5 AM"
961,45,"2025-06-07 10:39:41",2332.79,groceries,Nashville,1,"Multiple Locations"
962,33,"2024-10-01 17:30:59",10383.27,groceries,"New Orleans",1,"Over $10,000"
963,257,"2024-08-02 04:34:05",5377.74,groceries,Louisville,1,"Between 2 and 5 AM"
964,59,"2024-12-04 11:58:10",30.61,clothing,Seattle,0,N/A
965,238,"2024-10-22 14:51:49",3851.35,groceries,Memphis,0,N/A
966,30,"2025-02-25 06:02:10",6049.33,restaurant,"Virginia Beach",0,N/A
967,234,"2025-05-08 14:53:27",7735.08,electronics,Wichita,0,N/A
968,266,"2025-02-18 14:36:02",4514.98,electronics,Omaha,0,N/A
969,300,"2025-05-19 10:31:54",6803.6,groceries,Charlotte,0,N/A
970,33,"2024-09-16 10:29:16",7749.08,electronics,Miami,0,N/A
971,139,"2024-12-31 00:29:09",4309.05,clothing,Sacramento,0,N/A
972,58,"2025-01-20 00:56:38",8164.89,clothing,Phoenix,0,N/A
973,45,"2024-11-09 08:13:42",8903.37,restaurant,Houston,1,"Multiple Locations"
974,128,"2025-05-31 00:21:53",2253.23,clothing,Austin,0,N/A
975,224,"2025-03-05 03:20:06",6830.67,restaurant,"El Paso",1,"Between 2 and 5 AM"
976,14,"2025-06-19 03:44:55",2351.74,groceries,"Oklahoma City",1,"Between 2 and 5 AM"
977,147,"2024-11-04 04:31:28",10362.65,other,Wichita,1,"Between 2 and 5 AM"
978,193,"2024-07-24 01:18:01",694.45,other,Seattle,0,N/A
979,179,"2025-03-03 04:57:07",883.37,other,Minneapolis,1,"Between 2 and 5 AM"
980,248,"2025-04-24 03:19:03",8890.18,electronics,"San Jose",1,"Between 2 and 5 AM"
981,281,"2025-02-04 13:59:24",1613.51,restaurant,Louisville,0,N/A
982,186,"2025-05-12 11:34:42",4490.9,groceries,Albuquerque,0,N/A
983,128,"2024-11-01 09:38:56",10337.82,restaurant,Austin,1,"Over $10,000"
984,87,"2024-06-30 07:51:03",8784.53,electronics,Miami,0,N/A
985,192,"2025-04-24 12:02:30",6192.38,clothing,Tucson,0,N/A
986,16,"2025-01-30 00:09:35",6584.97,other,Baltimore,0,N/A
987,206,"2025-06-12 21:09:38",5055.74,other,Seattle,1,"Multiple Locations"
988,13,"2025-04-26 15:39:41",6665,restaurant,Fresno,1,"Multiple Locations"
989,49,"2025-04-21 14:29:56",3677.16,clothing,Denver,0,N/A
990,236,"2025-02-25 12:36:40",8467.91,other,Minneapolis,0,N/A
991,138,"2025-05-04 17:53:44",10156.15,other,Chicago,1,"Over $10,000"
992,221,"2024-08-20 01:19:01",6084.08,electronics,Mesa,0,N/A
993,86,"2025-04-14 00:48:07",1306.08,electronics,Houston,0,N/A
994,58,"2024-11-04 22:09:46",9563.06,restaurant,Sacramento,0,N/A
995,219,"2024-10-14 09:23:51",734.91,restaurant,Indianapolis,0,N/A
996,184,"2025-04-09 21:54:05",8536.06,clothing,Fresno,0,N/A
997,119,"2025-04-09 08:38:29",5799.52,other,Fresno,0,N/A
998,168,"2025-04-11 07:25:17",4553.96,other,Indianapolis,0,N/A
999,36,"2024-09-20 22:14:44",9624.62,electronics,Milwaukee,0,N/A
1000,2,"2025-06-03 15:18:51",8341.39,other,"San Jose",0,N/A
